date,source,title,summary,url,sentiment,confidence,rationale
2025-07-17,Cointelegraph,Nasdaq files application to add staking for BlackRock iShares ETH ETF,Staking for crypto exchange-traded funds has been a feature long sought by traditional financial institutions and asset managers.,https://cointelegraph.com/news/nasdaq-files-application-staked-ishares-eth-etf?utm_source=rss_feed&utm_medium=rss&utm_campaign=rss_partner_inbound,Slightly positive,0.8,"The tone is upbeat, mentioning that staking has been a long-sought feature by traditional financial institutions."
2025-07-17,Decrypt,"Cantor, Adam Back Team Up to Launch Bitcoin Treasury Firm With $3.5 Billion in BTC","After launching Twenty One (XXI), Cantor Fitzgerald is making another big Bitcoin treasury move with early Bitcoiner Adam Back.",https://decrypt.co/330602/cantor-adam-back-team-launch-bitcoin-treasury-firm-3-5-billion-btc,Extremely positive,0.9,"The article highlights a significant partnership and investment in Bitcoin, indicating strong market enthusiasm."
2025-07-17,Decrypt,OpenAI's ChatGPT Agent Launches With Expanded Powers—And Elevated Risk,"OpenAI’s new ChatGPT Agent can do complex tasks on behalf of users, but it comes with potentially greater risks.",https://decrypt.co/330714/openais-chatgpt-agent-launches-expanded-powers-elevated-risk,Slightly negative,0.7,"The article notes that the new ChatGPT Agent comes with ""potentially greater risks"", implying a cautionary tone."
2025-07-17,Decrypt,BlackRock Files With SEC to Include Staking in Ethereum ETF,"BlackRock aims to include staking in its spot Ethereum ETF, according to a rules change request filed to the SEC.",https://decrypt.co/330679/blackrock-files-sec-include-staking-ethereum-etf,Neutral,0.6,"The article reports on a regulatory filing, which is typically neutral in tone and doesn't convey strong emotions."
2025-07-17,Decrypt,Bitcoin Mining Firm Stock Spikes After $500 Million Raise for Dogecoin Treasury,"Bitcoin mining firm Bit Origin is tapping Dogecoin for its crypto treasury, with its stock soaring after the move was revealed.",https://decrypt.co/330695/bitcoin-mining-firm-stock-spikes-after-500-million-raise-dogecoin-treasury,Extremely positive,0.9,The stock spike following the $500 million raise suggests strong market excitement and optimism.
2025-07-17,Decrypt,'Historic': Trump to Sign Nation’s First Major Crypto Bill After Passing House,"The stablecoin-focused GENIUS Act passed the House with strong bipartisan support. A market structure bill also passed, and will now head to the Senate.",https://decrypt.co/330691/trump-sign-historic-crypto-bill-genius-clarity,Extremely positive,0.9,"The article highlights a historic development, with bipartisan support for the crypto bill, conveying a sense of excitement and progress."
2025-07-17,Decrypt,Ripple Founder Chris Larsen Moves Millions More XRP to Coinbase With All-Time High in Sight,Did he sell? Ripple co-founder and Executive Chairman Chris Larsen has moved millions of dollars' worth of XRP to Coinbase.,https://decrypt.co/330681/ripple-founder-chris-larsen-moves-millions-more-xrp-coinbase,Neutral,0.5,"The article reports on a potentially neutral event (a transfer of XRP to Coinbase), without clear indication of positive or negative sentiment."
2025-07-17,Decrypt,Myriad Moves: Will XRP and Ethereum Hit All-Time Highs? And Wen PUMP Airdrop?,"Top markets on Myriad this week center on record price marks for Ethereum and XRP, along with the Pump.fun (PUMP) token airdrop.",https://decrypt.co/330669/myriad-moves-will-xrp-ethereum-hit-all-time-highs-wen-pump-airdrop,Slightly positive,0.8,"The tone is optimistic, mentioning record price marks and an airdrop, but the language is not extremely enthusiastic."
2025-07-17,Decrypt,AI Companies Want to Read Your Chatbot's Thoughts—And That Might Include Yours,"A new paper from 40+ AI safety researchers proposes monitoring the ""thoughts"" of AI models before they act. Experts warn this safety tool could become a surveillance weapon.",https://decrypt.co/330647/ai-companies-want-read-your-chatbots-thoughts-might-include-yours,Extremely negative,0.95,"The article warns about the potential dangers of AI surveillance, conveying a strong sense of concern and alarm."
2025-07-17,Decrypt,Former Pump.fun Employee Sits in Prison as Solana Launchpad Breaks $770M in Revenue,"Jarett Dunn, once an employee of Pump.fun, faces at least seven years in prison as he awaits a hearing in the U.K. from behind bars.",https://decrypt.co/330632/former-pump-employee-prison-solana-launchpad,Neutral,0.4,"The article reports on a legal matter, which is typically neutral in tone and doesn't convey strong emotions."
2025-07-17,Decrypt,"Peter Thiel-Backed BitMine Gobbles Up More Ethereum, Hits $1B in ETH Holdings","The NYSE-listed firm now holds more than 300,000 ETH.",https://decrypt.co/330619/bitmine-gobbles-up-more-ethereum-hits-1b-eth-holdings,Slightly positive,0.8,"The article reports that BitMine has acquired a significant amount of Ethereum, indicating a bullish trend for the cryptocurrency."
2025-07-17,Decrypt,Canary Files for Staked Injective ETF as Interest in Altcoin Funds Grows,"The asset manager filed Thursday with the SEC to debut its Staked INJ ETF, which  would allow investors to earn yield on its fund's underlying tokens.",https://decrypt.co/330621/canary-applies-staked-injective-etf-interest-altcoin-funds-grows,Neutral,0.5,"The article mentions the filing of an ETF by Canary, but provides no context on its potential impact or implications, making it difficult to determine sentiment."
2025-07-17,Cointelegraph,Bitcoin-backed mortgages debut in Australia amid housing crisis,"Australia’s Block Earner has launched a Bitcoin-backed mortgage as a new path into the property market, following a regulatory win that cleared the way for crypto-backed lending.",https://cointelegraph.com/news/bitcoin-backed-mortgages-australia-housing-crisis?utm_source=rss_feed&utm_medium=rss&utm_campaign=rss_partner_inbound,Slightly positive,0.7,The introduction of Bitcoin-backed mortgages in Australia is seen as a positive development for the adoption of cryptocurrencies in mainstream finance.
2025-07-17,Decrypt,"ETH SURGES ON INFLOWS, HOUSE ADVANCES CRYPTO BILLS, BASE REVAMP","ETH nears $3,500 on huge ETF inflows. Sharplink stock hits $35, completes ATM program. US House advances crypto bills. Coinbase renames wallet Base, integrates Farcaster. Unclear if US has sold 80% of BTC reserves. Bill to allow crypto collateral for mortgage launched. BofA & Citigroup to launch stablecoin. Plasma to begin XPL sale today. Phantom flips Pumpfun in 24hr revenue. Phantom onboards 10k users to Hyperliquid. Bitcoin could solve most public debt: CZ. Talos buys data firm Coin Metrics for $100m. Smarter Web buys 325 BTC more. France considers 5yr BTC mining pilot. Thai SEC, Central bank launching crypto sandbox. WindTree to buy $60m BNB. CME wont launch memecoin linked derivatives. YHC up 150% on hostile takeover attempt",https://decrypt.co/videos/interviews/nbpG8vnt/eth-surges-on-inflows-house-advances-crypto-bills-base-revamp,Extremely positive,0.9,"The article mentions multiple positive developments in the cryptocurrency space, including ETF inflows, regulatory advancements, and new product launches, creating an overwhelmingly positive sentiment."
2025-07-17,Decrypt,"Epstein, Antichrists &#038; Dragons: Crypto Week in Congress Nearly Goes Off the Rails","What does Crypto Week in Congress, and the drama that ensued Wednesday, have to do with the Jeffrey Epstein scandal? More than you might think, according to D.C. policy insiders.",https://decrypt.co/330563/epstein-antichrists-dragons-crypto-week-congress-nearly-off-rails,Slightly negative,0.6,"While not explicitly stated, the mention of drama and controversy surrounding Crypto Week in Congress creates a slightly negative tone."
2025-07-17,Cointelegraph,"What is a seed phrase, and why is it important?","It’s crucial to securely back up and store your seed phrase in multiple safe places, ensuring that you’re the only one who can access it when needed.",https://cointelegraph.com/explained/what-is-a-seed-phrase-and-why-is-it-important?utm_source=rss_feed&utm_medium=rss&utm_campaign=rss_partner_inbound,Neutral,0.4,"The article is informative and provides educational content on seed phrases, but does not convey any specific sentiment or emotions."
2025-07-17,Decrypt,"XRP, Dogecoin Lead Altcoin Gains as Bitcoin Remains Flat","Over 70 of the top 100 cryptocurrencies are in the green since this time yesterday—and notably, Bitcoin isn't one of them.",https://decrypt.co/330586/xrp-dogecoin-altcoin-gains-bitcoin-flat,Slightly positive,0.8,"The report of altcoin gains, particularly for XRP and Dogecoin, creates a slightly positive tone for the cryptocurrency market."
2025-07-17,Decrypt,Man Attempts Tattoo World Record By Inking ‘Pump.fun’ on Himself 700 Times,"Pump.fun has become a hotbed for world record attempts, with the latest dev gunning to tattoo the Solana launchpad’s name 700 times.",https://decrypt.co/330557/man-attempts-tattoo-world-record-by-inking-pump-fun-on-himself-700-times,Neutral,0.5,"While entertaining, the article about a man attempting to set a world record is not relevant to sentiment analysis in the context of cryptocurrency news."
2025-07-17,Decrypt,Asia Emerges as Major Hotspot for Violent Crypto Crime: Chainalysis,"The region is emerging as a focal point in the global surge of crypto-related theft and laundering, according to a new report.",https://decrypt.co/330546/asia-emerges-as-hotspot-for-violent-crypto-crime-chainalysis,Slightly negative,0.7,"The report on violent crypto crime highlights a potential threat to the industry, creating a slightly negative tone."
2025-07-17,Decrypt,Australian Regulator Flags Crypto as Top Threat in Financial Crime Crackdown,Crypto firms must prepare for stricter rules by 2026 as AUSTRAC targets sector-wide financial crime vulnerabilities.,https://decrypt.co/330548/austrac-crypto-top-threat,Neutral,0.5,"While the article mentions stricter regulations for crypto firms, it is neutral as it does not convey any emotional sentiment or implications for the market."
2025-07-17,Decrypt,"ETH + DOGE LEAD CRYPTO, PENGU UP BIG, ETH ETF INFLOWS CATCHING BTC","ETH, DOGE lead crypto majors higher. ETH ETF inflows now 50-90% BTC inflows. BTC inflows to exchanges hit $9.4bn after CPI. House fails to advance crypto bills, next vote today. 11 reps who voted against crypto acts will flip: Trump. DeFi leaders opposed part of crypto bill. Cantor nears $4b SPAC deal to acquire BTC. BTC entering more sustainable stage: DB. Sharplink hits $30, on increasing ETH holdings. COIN stock hits ATH, passes $100b market cap. Thiel takes 9% stake in ETH treasury company BMNR. DoJ ends Polymarket probe. BigONE exchange loses $27m in hack. DEA seizes $10m crypto from Sinaloa cartel. UK to make DLT, tokenisation push",https://decrypt.co/videos/interviews/mObPY7xr/eth-doge-lead-crypto-pengu-up-big-eth-etf-inflows-catching-btc,Extremely positive,0.8,"The article reports numerous bullish developments, including rising inflows to ETH ETFs, COIN stock hitting an all-time high, and Thiel taking a significant stake in BMNR."
2025-07-17,Decrypt,"CRYPTO BILLS STUCK, ETH LEADS MAJORS, PUMP STARTS BUYBACKS","ETH, DOGE lead crypto majors higher. ETH ETF inflows now 50-90% BTC inflows. BTC inflows to exchanges hit $9.4bn after CPI. House fails to advance crypto bills, next vote today. 11 reps who voted against crypto acts will flip: Trump. DeFi leaders opposed part of crypto bill. Cantor nears $4b SPAC deal to acquire BTC. BTC entering more sustainable stage: DB. Sharplink hits $30, on increasing ETH holdings. COIN stock hits ATH, passes $100b market cap. Thiel takes 9% stake in ETH treasury company BMNR. DoJ ends Polymarket probe. BigONE exchange loses $27m in hack. DEA seizes $10m crypto from Sinaloa cartel. UK to make DLT, tokenisation push",https://decrypt.co/videos/interviews/kQJMUB87/crypto-bills-stuck-eth-leads-majors-pump-starts-buybacks,parse_error,0,parse_error
2025-07-17,Decrypt,Can Ethereum Breach New All-Time Highs This Year?,"Ethereum fundamentals and positioning are drawing renewed interest from institutions, lifting price and sentiment as analysts eye a new high.",https://decrypt.co/330543/can-ethereum-breach-new-all-time-highs-this-year,Slightly positive,0.6,"The article mentions that Ethereum's fundamentals are drawing renewed interest from institutions, which is mildly optimistic, but the tone is not extremely confident or decisive."
2025-07-17,Decrypt,"Coinbase Unveils Its ‘Everything App,’ Merging Wallet, Social, and AI Tools","Coinbase's Base app, described as ""game-changing,"" combines cryptocurrency, AI, and social media into a single, all-in-one platform.",https://decrypt.co/330518/coinbase-everything-app-wallet-social-ai-tools,Extremely positive,0.9,"Coinbase's announcement of its ""Everything App"" is described as ""game-changing,"" indicating a strong enthusiasm and excitement for this development in the crypto space."
2025-07-17,Decrypt,House Clears Key Crypto Bills for Final Vote After Record 9-Hour Standoff,"A nearly 10-hour procedural vote, the longest in House history, saw GOP lawmakers flip-flop on major crypto bills amid late-night talks.",https://decrypt.co/330539/house-clears-key-crypto-bills-final-vote-record-9-hour-standoff,Neutral,0.5,"The article reports on a procedural vote in Congress, which had mixed results. While there was a significant delay, the outcome is neutral and doesn't convey a clear sentiment."
2025-07-17,Decrypt,Bank of America CEO Says Still Too Early For Stablecoin Plans as US Stalls on Key Crypto Rules,"Bank of America is holding back on stablecoins, with CEO Brian Moynihan citing regulatory uncertainty and limited customer demand.",https://decrypt.co/330519/bank-of-america-ceo-still-early-stablecoin-plans-us-stalls,Slightly negative,0.7,"Bank of America's CEO expresses caution about stablecoins due to regulatory uncertainty and limited customer demand, casting a slight shadow over the crypto market."
2025-07-17,Decrypt,Whatever Happened to the Bitcoin and Ethereum Sweater Guys?,"The 2017 photo of two friends in crypto-themed sweaters became iconic. Eight years later, both men are still in the industry.",https://decrypt.co/330515/whatever-happened-bitcoin-ethereum-sweater-guys,Neutral,0.4,The article shares a lighthearted anecdote about two friends in crypto-themed sweaters from 2017. This is more of an entertainment piece than an analysis of current market sentiment.
2025-07-17,Decrypt,Trump-Backed World Liberty Ethereum Tokens Are Set to Hit the Market,"After a Wednesday vote, users will soon be able to buy and sell the Ethereum-based WLFI.",https://decrypt.co/330472/trump-backed-world-liberty-ethereum-tokens-hit-market,Slightly positive,0.6,"The article reports on the upcoming release of World Liberty Ethereum Tokens, which could be seen as a positive development for the Ethereum ecosystem."
2025-07-17,Decrypt,XRP Price Hits New All-Time High After Seven Long Years,"The price of XRP rose to a record high, soaring past a seven-year-old milestone amid broader momentum for altcoins in the crypto market.",https://decrypt.co/330631/xrp-price-hits-all-time-high-seven-long-years,Extremely positive,0.8,"XRP's price has hit an all-time high, indicating strong momentum in the altcoin market and a significant boost to sentiment."
2025-07-17,Decrypt,Bitcoin Creator Satoshi Nakamoto Is Now Richer Than Bill Gates—And Closing In on Buffett,Satoshi Nakamoto is richer than Microsoft co-founder Bill Gates and Dell founder Michael Dell—and Bitcoin critic Warren Buffett is next.,https://decrypt.co/330417/bitcoin-creator-satoshi-nakamoto-richer-bill-gates-closing-buffett,Extremely positive,0.9,"The article reports that Satoshi Nakamoto is richer than several well-known billionaires, which implies a massive increase in wealth for Bitcoin holders and a very positive sentiment."
2025-07-17,Cointelegraph,SUI’s next ‘altcoin season’ stop could be $5: Here’s why,The start of a new altcoin season could play a key role in sending SUI toward $5.,https://cointelegraph.com/news/sui-s-next-altcoin-season-stop-could-be-dollar5-here-s-why?utm_source=rss_feed&utm_medium=rss&utm_campaign=rss_partner_inbound,extremely positive,0.9,"The article suggests that SUI's price could reach $5, implying a significant increase in value."
2025-07-17,Cointelegraph,"BTCFi TVL jumps 22x to $7B, but trust remains an issue","BTCFi TVL soared from $304 million to $7 billion in 2024 — driven by new protocols and institutional inflows — but trust, risks, and infrastructure hurdles still hinder adoption.",https://cointelegraph.com/news/btcfi-defi-growth-2024-tvl-hits-7b-despite-challenges?utm_source=rss_feed&utm_medium=rss&utm_campaign=rss_partner_inbound,slightly negative,0.6,"While BTCFi TVL has increased significantly, the article highlights ongoing trust issues and risks hindering adoption."
2025-07-17,Cointelegraph,"Pakistan’s crypto minister, El Salvador’s president discuss Bitcoin strategy",Bilal Bin Saqib met El Salvador’s President Nayib Bukele to discuss Bitcoin adoption and signed a Letter of Intent for crypto collaboration.,https://cointelegraph.com/news/pakistan-crypto-meets-el-salvador-president-discuss-bitcoin-strategy?utm_source=rss_feed&utm_medium=rss&utm_campaign=rss_partner_inbound,extremely positive,0.8,The meeting between Pakistan's crypto minister and El Salvador's president indicates growing international cooperation on Bitcoin adoption.
2025-07-17,Cointelegraph,US House passes three key crypto bills ahead of August recess,The three bills on Republicans’ crypto agenda passed with bipartisan support despite continued pushback from Democrats over claims of corruption and conflicts of interest.,https://cointelegraph.com/news/crypto-clarity-act-passes-house-crypto-week-continues?utm_source=rss_feed&utm_medium=rss&utm_campaign=rss_partner_inbound,neutral,0.5,"The passage of the three bills is a neutral event, as it doesn't necessarily imply a clear direction for the crypto market."
2025-07-17,Cointelegraph,Bitcoin smack dab in the middle of its adoption curve: Fidelity analyst,Data from Fidelity Investments suggests that Bitcoin is still mid-cycle in its adoption curve as institutional interest and inflows signal asset maturity.,https://cointelegraph.com/news/bitcoin-smack-dab-in-the-middle-of-its-adoption-curve-fidelity-analyst?utm_source=rss_feed&utm_medium=rss&utm_campaign=rss_partner_inbound,slightly positive,0.7,"Fidelity's analyst suggests that Bitcoin is mid-cycle in its adoption curve, implying ongoing growth and maturity."
2025-07-17,Cointelegraph,Bitcoin resistance at $120K hints at consolidation before impulse rally to $135K,Bitcoin technical charts suggest BTC could remain range-bound for an extended period of time. Cointelegraph explains why.,https://cointelegraph.com/news/bitcoin-resistance-at-dollar120k-hints-at-consolidation-before-impulse-rally-to-dollar135k?utm_source=rss_feed&utm_medium=rss&utm_campaign=rss_partner_inbound,neutral,0.4,"The article presents technical charts suggesting consolidation or a range-bound period for Bitcoin, without expressing a clear sentiment."
2025-07-17,Cointelegraph,XRP cloud mining in 2025: How much can you really earn?,"XRP cloud mining is possible in 2025, but approach with caution, as risks often outweigh the rewards.",https://cointelegraph.com/news/xrp-cloud-mining-in-2025-how-much-can-you-really-earn?utm_source=rss_feed&utm_medium=rss&utm_campaign=rss_partner_inbound,extremely negative,0.9,"The article cautions against XRP cloud mining due to risks often outweighing rewards, implying a strongly negative outlook."
2025-07-17,Cointelegraph,Crypto Week Day 4: US lawmakers remain divided on key bills,"Republicans and Democrats tussled over the Trump family’s crypto ties, consumer protections, and backing stablecoins with fiat assets.",https://cointelegraph.com/news/crypto-week-day-4-us-lawmakers-divided-key-bills?utm_source=rss_feed&utm_medium=rss&utm_campaign=rss_partner_inbound,slightly negative,0.5,The disagreement between Republicans and Democrats on key bills creates uncertainty and tension in the crypto space.
2025-07-17,Cointelegraph,LINK news update: Pro crypto convergence in TradFi and DeFi may start rally to $18,"LINK price is on the verge of confirming a historically bullish pattern, which could send the altcoin’s price above $18.",https://cointelegraph.com/news/link-news-update-pro-crypto-convergence-in-tradfi-and-defi-may-start-rally-to-dollar18?utm_source=rss_feed&utm_medium=rss&utm_campaign=rss_partner_inbound,extremely positive,0.8,"The article suggests that LINK price is about to confirm a historically bullish pattern, implying significant potential for growth."
2025-07-17,Cointelegraph,Bhutan should embrace decentralized identity systems,Bhutan’s unique naming culture and values of sovereignty make it a strong candidate for adopting blockchain-based identity systems.,https://cointelegraph.com/news/bhutan-decentralized-identity?utm_source=rss_feed&utm_medium=rss&utm_campaign=rss_partner_inbound,slightly positive,0.6,"The article advocates for Bhutan's adoption of decentralized identity systems, which could have a positive impact on the country and its people."
2025-07-17,Cointelegraph,Japan just found a way to let you earn XRP without spending yen,"Aplus and SBI VC Trade launch Japan’s first point-to-crypto program, letting users earn XRP, BTC and ETH from everyday spending.",https://cointelegraph.com/explained/japan-just-found-a-way-to-let-you-earnxrp-without-spending-yen?utm_source=rss_feed&utm_medium=rss&utm_campaign=rss_partner_inbound,extremely positive,0.9,"The article highlights a new program in Japan allowing users to earn crypto with their everyday spending, indicating a positive development in the space."
2025-07-17,Cointelegraph,"Ethereum looks to break $3,500 as RSI &#039;buy signal&#039; targets $10K ETH price","ETH continues its “up only rally” after breaking $3,000, as an Ethereum trader says the price could top between $7,000 and $10,000 this cycle.",https://cointelegraph.com/news/ethereum-break-3-500-rsi-buy-signal-targets-10k-eth-price?utm_source=rss_feed&utm_medium=rss&utm_campaign=rss_partner_inbound,extremely positive,0.8,"The article suggests Ethereum's price could reach $10K, implying a strong bullish sentiment and expectation of significant price growth."
2025-07-17,Cointelegraph,"USDt market cap hits $160B, cementing its ‘digital dollar’ role: Tether CEO","Tether’s USDt stablecoin has surpassed $160 billion market cap, confirming its place as the digital dollar, as Tron leads in blockchain supply.",https://cointelegraph.com/news/tether-usdt-market-cap-hits-160b-emerging-markets-growth?utm_source=rss_feed&utm_medium=rss&utm_campaign=rss_partner_inbound,slightly positive,0.6,"While the USDt market cap reaching $160B is a notable achievement, it's more of a statement of fact than an exciting development, contributing to a neutral to slightly positive tone."
2025-07-17,Cointelegraph,"RGB Protocol to bring tokenized assets, USDT to Bitcoin",Boosty Labs founder and CEO Viktor Ihnatiuk told Cointelegraph that Tether’s USDT will be RGB’s first real-world use case for stablecoin transfers on Bitcoin.,https://cointelegraph.com/news/rgb-protocol-launches-on-bitcoin-enables-tokenized-usdt-and-nfts?utm_source=rss_feed&utm_medium=rss&utm_campaign=rss_partner_inbound,neutral,0.7,"The article simply reports on RGB Protocol's use case with Tether's USDT, lacking any clear sentiment or emotional language."
2025-07-17,Cointelegraph,"Semler Scientific adds $25M in Bitcoin, but stock slides 22% YTD","The company's stock price has been in a negative trend in 2025, indicating that a Bitcoin strategy is not a “panacea,” according to an analyst.",https://cointelegraph.com/news/semler-scientific-adds-25m-bitcoin-stock-slides-ytd?utm_source=rss_feed&utm_medium=rss&utm_campaign=rss_partner_inbound,slightly negative,0.8,"The article mentions Semler Scientific adding $25M in Bitcoin but notes that the stock price has slid 22% YTD, implying a cautious tone and hint of disappointment."
2025-07-17,Cointelegraph,DEX-to-CEX ratio hits new high as crypto traders flee centralization,"Despite the rising DEX-to-CEX ratio, centralized exchanges still lead in the crypto spot market, posting $3.9 trillion in trading volume, compared to $877 billion for DEXs.",https://cointelegraph.com/news/dex-volumes-hit-record-q2-2025-pancakeswap-hyperliquid-lead?utm_source=rss_feed&utm_medium=rss&utm_campaign=rss_partner_inbound,neutral,0.9,"The article presents data on the DEX-to-CEX ratio without drawing any conclusions or emotional language, resulting in a neutral sentiment assessment."
2025-07-17,Cointelegraph,How a Russian national allegedly laundered $530M in crypto via Tether,"Iurii Gugnin allegedly used fake documents to bypass sanctions and launder $530 million for Russian clients. In the process, he deceived US banks.",https://cointelegraph.com/news/how-a-russian-national-allegedly-laundered-530m-in-crypto-via-tether?utm_source=rss_feed&utm_medium=rss&utm_campaign=rss_partner_inbound,extremely negative,0.95,"The article reveals a major scandal involving the alleged laundering of $530M via Tether, which has a strongly negative tone and connotation."
2025-07-17,Cointelegraph,Bitcoin’s next chapter: From passive asset to financial powerhouse,"This episode of the Clear Crypto Podcast uncovers how Bitcoin is shedding its passive role and becoming a usable financial tool through wrapped assets, bridges and new DeFi use cases.",https://cointelegraph.com/news/bitcoin-s-next-chapter-from-passive-asset-to-financial-powerhouse?utm_source=rss_feed&utm_medium=rss&utm_campaign=rss_partner_inbound,slightly positive,0.5,"The article discusses Bitcoin's increasing use as a financial tool but lacks strong emotional language or specific data-driven claims, leading to a cautious assessment."
2025-07-17,Cointelegraph,Memecoin market cap grows 29% in July,"Memecoin market cap hits $72B in July, driven by the Bonk memecoin’s 72% surge and LetsBonk launchpad’s rise.",https://cointelegraph.com/news/memecoin-market-cap-surges-17b-july-bonk-floki-pumpfun?utm_source=rss_feed&utm_medium=rss&utm_campaign=rss_partner_inbound,extremely positive,0.85,"The article reports on the significant growth in memecoin market cap, driven by specific notable surges, which creates an optimistic and enthusiastic tone."
2025-07-17,Cointelegraph,3 charts scream ‘It’s altcoin season’ as Bitcoin dominance hits 8-week lows,"Bitcoin dominance charts moving downward may be a signal that the much-anticipated “altcoin season” is finally here, analysts said.",https://cointelegraph.com/news/three-charts-scream-altcoin-season-bitcoin-dominance-drops-8-week-lows?utm_source=rss_feed&utm_medium=rss&utm_campaign=rss_partner_inbound,slightly negative,0.7,"While some analysts are mentioned as thinking it's ""altcoin season,"" the article does not take a strong stance or show excitement about this supposed trend, contributing to a cautious tone."
2025-07-17,Cointelegraph,36% of Gen Z spend crypto daily; Gen X leads high-value spending,"Gaming, daily purchases and travel bookings emerge as categories where Gen Z users strongly prefer cryptocurrency.",https://cointelegraph.com/news/crypto-payments-trend-genz-genx-global-bitget-report?utm_source=rss_feed&utm_medium=rss&utm_campaign=rss_partner_inbound,slightly positive,0.7,"The article highlights a growing preference among Gen Z users for cryptocurrency, indicating a positive trend."
2025-07-17,Cointelegraph,Is FOMO back? Bitcoin first timers buy 140K BTC in 2 weeks,"Bitcoin first-timers upped their BTC exposure by more than 2% in July, but mainstream interest worldwide is still barely perceptible, data revealed.",https://cointelegraph.com/news/is-fomo-back-bitcoin-first-timers-buy-140k-btc-in-2-weeks?utm_source=rss_feed&utm_medium=rss&utm_campaign=rss_partner_inbound,extremely negative,0.9,"The article mentions ""wrench attacks"" on Bitcoiners and a potential doubling of the worst year's attacks, implying a significant risk to investors."
2025-07-17,Cointelegraph,XRP is about to hit $200B market cap for first time; price nears record,"XRP’s market cap could surge past $250 billion, backed by historical fractals and Fibonacci targets after a key breakout pattern.",https://cointelegraph.com/news/xrp-200b-market-cap-for-the-first-time-price-nears-record?utm_source=rss_feed&utm_medium=rss&utm_campaign=rss_partner_inbound,slightly positive,0.8,"The article predicts an increase in XRP's market cap, which could be seen as a bullish signal for the cryptocurrency."
2025-07-17,Cointelegraph,60% of PUMP presale participants sold or transferred to CEXs,"BitMEX said the PUMP token defied the odds, with its funding rates trending positively despite a large initial float.",https://cointelegraph.com/news/pump-fun-ico-participants-dump-token-price-drops-20-percent?utm_source=rss_feed&utm_medium=rss&utm_campaign=rss_partner_inbound,neutral,0.6,The article reports on the PUMP token's performance without expressing a clear opinion on its prospects.
2025-07-17,Cointelegraph,Bitcoin ’wrench attacks’ on track to double its worst year,There have already been 35 reported physical attacks on Bitcoiners in just the first seven months of 2025.,https://cointelegraph.com/news/bitcoin-wrench-attacks-to-double-2021-peak?utm_source=rss_feed&utm_medium=rss&utm_campaign=rss_partner_inbound,extremely negative,0.9,"As mentioned earlier, the article highlights a growing threat to Bitcoiners, implying a significant risk to investors."
2025-07-17,Cointelegraph,SEC delays in-kind redemption decision for Bitwise crypto ETFs,The US SEC has extended its decision deadline on whether to allow in-kind redemptions for Bitwise’s spot Bitcoin and Ether ETFs on NYSE Arca.,https://cointelegraph.com/news/sec-extends-deadline-in-kind-redemptions-bitcoin-ether-etfs?utm_source=rss_feed&utm_medium=rss&utm_campaign=rss_partner_inbound,neutral,0.7,The article reports on the SEC's delay in making a decision without expressing a clear opinion on its implications for Bitwise's ETFs.
2025-07-17,Cointelegraph,Here’s what happened in crypto today,"Need to know what happened in crypto today? Here is the latest news on daily trends and events impacting Bitcoin price, blockchain, DeFi, NFTs, Web3 and crypto regulation.",https://cointelegraph.com/news/what-happened-in-crypto-today?utm_source=rss_feed&utm_medium=rss&utm_campaign=rss_partner_inbound,neutral,0.5,The article is a summary of news events and does not express an opinion or sentiment on any specific topic.
2025-07-16,Decrypt,XRP Price Hits 6-Month High as Open Interest Soars to Record Levels,"Investors are racing to price in how the cryptocurrency could benefit from regulatory tailwinds and institutional adoption, analysts say.",https://decrypt.co/330473/xrp-price-hits-6-month-high-open-interest-soars-record,slightly positive,0.8,"The article mentions XRP reaching a 6-month high, indicating a potential increase in price."
2025-07-16,Decrypt,'Bitcoin Jesus' Roger Ver Sues Spain to Block Extradition Over US Tax Charges: Bloomberg,"Bitcoin icon Roger Ver sued Spain for allegedly violating his legal protections, after it ruled he could be extradited to the United States.",https://decrypt.co/330431/bitcoin-jesus-ver-sues-spain-block-extradition-us-tax-charges,extremely negative,0.9,"The article reports on Roger Ver's lawsuit against Spain for extradition, implying a potential threat to his freedom and assets."
2025-07-16,Decrypt,Ethereum Shorts Rekt as ETH Price Keeps Climbing,"Meanwhile, ETH futures volume has jumped 27% as open interest keeps rising.",https://decrypt.co/330426/152-million-ethereum-shorts-rekt,slightly positive,0.7,"The article mentions Ethereum's price increasing while short positions are being liquidated, indicating a potential bullish trend."
2025-07-16,Decrypt,Upexi Stock Surges as Solana Climbs—Why the Firm Is Bullish on SOL,"Consumer products firm Upexi is now focused on accumulating Solana—and apparently reaping the rewards, with UPXI stock up nearly 39% on Wednesday.",https://decrypt.co/330463/upexi-stock-surges-solana-climbs-why-bullish-sol,Extremely positive,0.95,"The article mentions a 39% surge in stock value due to the company's focus on Solana, indicating a strong bullish sentiment."
2025-07-16,Decrypt,ARK Invest Sells $8.7 Million Worth of Bitcoin ETF Shares Taking Profits,"ARKB had $6.2 million in outflows as Bitcoin ETFs overall added $403 million, marking nine straight days of inflows across the sector.",https://decrypt.co/330461/ark-invest-sells-8-7-million-worth-bitcoin-etf-shares-taking-profits,Slightly negative,0.7,"The article reports that ARK Invest sold $8.7 million worth of Bitcoin ETF shares, which could be seen as a slight negative for the market."
2025-07-16,Decrypt,"Ethereum Forms 'Golden Cross', With Bulls in Control: Analysis","The price of Ethereum has broken past a key resistance zone, forming a golden cross pattern that traders often like.",https://decrypt.co/330445/ethereum-price-golden-cross-eth-bulls-analysis,Neutral,0.65,"The article discusses a technical pattern called a ""golden cross"" but doesn't express a clear opinion on its implications for Ethereum's price."
2025-07-16,Decrypt,"Coinbase and Strategy Set Stock Records Amid Bitcoin, Ethereum Spikes","Amid major moves by Bitcoin, Ethereum, XRP, and other top coins, Coinbase and Strategy both set stock records on Wednesday.",https://decrypt.co/330479/coinbase-strategy-stock-set-records-bitcoin-ethereum-spikes,Extremely positive,0.92,"Both Coinbase and Strategy set stock records, which is a strong indicator of market optimism."
2025-07-16,Decrypt,Citi Considers Launching Stablecoin as TradFi Players Continue Crypto Embrace,Citi’s CEO revealed this week that the multinational bank is considering developing a stablecoin for cross-border payments.,https://decrypt.co/330482/citi-considers-launching-stablecoin-tradfi-players-continue-crypto-embrace,Neutral,0.6,"The article reports that Citi is considering launching a stablecoin, but this development could be seen as either neutral or positive for the industry."
2025-07-16,Decrypt,"SEC Delays Decision on Bitwise Bitcoin, Ethereum ETFs' In-kind Redemptions",The regulator will rule on the request by the issuer on September 8.,https://decrypt.co/330480/sec-decision-bitwise-bitcoin-ethereum-etfs-in-kind-redemptions,Neutral,0.55,The delay in SEC's decision on Bitwise Bitcoin and Ethereum ETFs' in-kind redemptions is not necessarily a negative or positive development.
2025-07-16,Decrypt,Hate Making Phone Calls? Google’s AI Will Make Them for You,"Google adds AI tools to Search that make calls and answer complex queries on users’ behalf, but experts warn about the hidden cost.",https://decrypt.co/330478/phone-calls-google-ai-make-them-for-you,parse_error,0,parse_error
2025-07-15,Decrypt,"PUMP TOKEN DEBUTS AT $5.5B FDV, PENGU LEADS ALL MOVERS, ETH OUTPREFORMS","DOGE leads majors in crypto selloff. Banks can hold crypto under strict rules: Fed. Whale sends $2b BTC to Galaxy Digital for sale. Sequans buys $79m BTC. BTC backed loans cross $1b collateral on Coinbase. StanChart first global bank to offer BTC, ETH trading. Bitmine immersion buys $500m ETH. Sharplink bought another $73m ETH, now top holder. BofA launches crypto weekly research, bullish on ETH. Ripple, Circle, BitGo seek US bank trust license. xStocks can now be used as collateral on Kamino. Grayscale files for IPO. Revolut Pay on Moonpay available across UK, EEA. Tornado cash trial to begin today. Kazakhstan details crypto reserve plans",https://decrypt.co/videos/interviews/HGl3YZoZ/pump-token-debuts-at-55b-fdv-pengu-leads-all-movers-eth-outpreforms,Extremely positive,0.85,"The article lists multiple developments that could be seen as positive for the market, including record-breaking stock values and new partnerships."
2025-07-15,Decrypt,"CRYPTO DIPS, STOCKS KEEP HITTING ATHS, SHARPLINK TOP ETH HOLDER","DOGE leads majors in crypto selloff. Banks can hold crypto under strict rules: Fed. Whale sends $2b BTC to Galaxy Digital for sale. Sequans buys $79m BTC. BTC backed loans cross $1b collateral on Coinbase. StanChart first global bank to offer BTC, ETH trading. Bitmine immersion buys $500m ETH. Sharplink bought another $73m ETH, now top holder. BofA launches crypto weekly research, bullish on ETH. Ripple, Circle, BitGo seek US bank trust license. xStocks can now be used as collateral on Kamino. Grayscale files for IPO. Revolut Pay on Moonpay available across UK, EEA. Tornado cash trial to begin today. Kazakhstan details crypto reserve plans",https://decrypt.co/videos/interviews/TAOPt7BO/crypto-dips-stocks-keep-hitting-aths-sharplink-top-eth-holder,parse_error,0,parse_error
2025-07-14,Decrypt,"BTC HITS $123K, PUMP LAUNCHES AT $5.5BN, SUI SOARS","BTC pumps to new ATHs, dominance still at 65%. Highest short liquidation in 4 years on July 10. SUI leads L1s as TVL hits ATH. Sharplink buys $49m ETH, now largest ETH holder. ETH makes proposals to integrate ZK more deeply. Crypto adds $1.2T+ market cap since April lows. Blackrock IBIT fastest ever to hit $80b AUM. $600m sellout for PUMP in",https://decrypt.co/videos/interviews/DbUBSjfg/btc-hits-123k-pump-launches-at-55bn-sui-soars,Extremely positive,0.95,"The article reports on a significant surge in Bitcoin's price to a new ATH, along with other bullish developments in the market."
2025-07-11,Decrypt,"BTC & ETH SOAR, S&P HITS ATH, MOG LEADS MEMES","BTC hits ATH, ETH breaks $3k on huge ETF inflows. One of biggest BTC short liquidation event in years. China may be reassessing crypto stance. IBIT hits record $76b AUM. Trump talks up impact of tariffs in crypto, stocks rally. US treasury removes crypto broker reporting rules. K Wave Media raises $1b to buy BTC. Companies bought $17.7b BTC in Q2. BIT Mining to raise $300m to buy SOL. ETH Foundation sells $3.5m ETH. Sharplink up 35% in 5 days as ETH treasury play. GameSquare buys $5m ETH. Coinbase, Perplexity collab on real time data. Robinhood launches ETH, SOL staking in the US. Rate on OKX USDT ‘Simple Earn’ jumps to 53%. Germany’s NRW issues blockchain bond. PlasmaFDN X account hacked",https://decrypt.co/videos/interviews/F3YFwCDO/btc-eth-soar-sp-hits-ath-mog-leads-memes,Extremely Positive,0.95,"The article mentions multiple records and ATHs in BTC and ETH prices, as well as positive developments such as China reassessing its crypto stance."
2025-07-10,Decrypt,"BTC HITS ATH, PUMPFUN RELEASES TOKENOMICS, PENGU SOARS","BTC hits new ATH, ETH leads majors. ETH heading to $10k: Hayes. BTC overtakes Alphabet in market value. Whale fumbles $26m profit from ETH short. Emirates signs with Cryptocom for crypto integration. Strategy now has $24b unrealised BTC profit. BTCS to buy $225m ETH, stock pumps 2x. Gamesquare stock doubles in a day. Sharplink only behind ETH foundation in ETH holdings. XRP to custody $500m RLUSD with BNY Mellon. Circle made a revenue share deal with Bybit. Kraken, Backed to expand xStocks to BNB chain. Bitget launches six tokenised stock products. Ant Group to integrate USDC",https://decrypt.co/videos/interviews/IstwaMiY/btc-hits-ath-pumpfun-releases-tokenomics-pengu-soars,Extremely Positive,0.92,"The article highlights several positive events, including BTC's new ATH, whale liquidations, and institutional investments."
2025-07-09,Decrypt,"ETH CONTINUES TO RISE, PHANTOM LAUNCHES PERPS, TRUMP SHELVES TARIFFS","ETH leads crypto majors higher, BTC dominance falls. US House taking steps for US to be crypto capital. Sharplink to buy $20m ETH, stock pops 12%. GameSquare raises $8m to buy ETH, stock +60%. Bit Digital stock keeps pumping on ETH pivot. BioSig, StreamEx to tokenise commodities on SOL. Phantom intros perps powered by Hyperliquid. GMX faces $40m exploit. Tether reveals $8b gold stock pile in Swiss vault. Expect us to be largest BTC miner this year: Tether. OpenAI stock tokens backed by SPV: Robinhood. Aevo offers 1000x lev on tokenised stocks. DoJ charges OmegaPro founders with $650m fraud. Tether is a money launderer’s dream: The Economist. EIGEN announces 25% reduction in staff",https://decrypt.co/videos/interviews/hyrmNhGC/eth-continues-to-rise-phantom-launches-perps-trump-shelves-tariffs,Slightly Negative,0.68,"The article mentions a $40m exploit on GMX, which is a negative event, but also includes various other news items that are neutral or positive."
2025-07-09,Decrypt,"PUMP.FUN TOKENOMICS, $HYPE, BONKGUY META","ETH leads crypto majors higher, BTC dominance falls. US House taking steps for US to be crypto capital. Sharplink to buy $20m ETH, stock pops 12%. GameSquare raises $8m to buy ETH, stock +60%. Bit Digital stock keeps pumping on ETH pivot. BioSig, StreamEx to tokenise commodities on SOL. Phantom intros perps powered by Hyperliquid. GMX faces $40m exploit. Tether reveals $8b gold stock pile in Swiss vault. Expect us to be largest BTC miner this year: Tether. OpenAI stock tokens backed by SPV: Robinhood. Aevo offers 1000x lev on tokenised stocks. DoJ charges OmegaPro founders with $650m fraud. Tether is a money launderer’s dream: The Economist. EIGEN announces 25% reduction in staff",https://decrypt.co/videos/interviews/7FsiPiBQ/pumpfun-tokenomics-hype-bonkguy-meta,parse_error,0,parse_error
2025-07-08,Decrypt,"AMERICA INVEST ACT, CORP TREASURY STOCKS & PUMP FUN","Crypto dips on tariff letters, then recovers. ETH outperforms, altcoins weak after PumpFun news. PumpFun plans $600m token sale, $4b valuation. Trump admin to publish crypto report on July 22. US government deposits $218k ETH to Coinbase. Robinhood speaking to US on tokenised shares. Truth Social files for Blue Chip crypto ETF. US drops appeal in Tornado Cash lawsuit. Strategy to raise $4.2b equity to buy BTC. Semler Scientific buys $20m BTC. Bit Digital pivots to ETH treasury, stock pumps. Tokenized assets on ETH hit $5b. Metaplanet to use BTC as collateral for M&A. XRP CEO to testify before senate on legislation. SEC asks firms to amend SOL ETF applications. HK crypto stocks soar on stablecoin momentum. BBVA opens BTC, ETH trading for Spanish retail. El Salvador bought $800k BTC last week",https://decrypt.co/videos/interviews/cM75emeO/america-invest-act-corp-treasury-stocks-pump-fun,Extremely Positive,0.93,"The article highlights several positive developments, including the US government depositing $218k ETH to Coinbase and PumpFun's plans for a $600m token sale."
2025-07-08,Decrypt,"CRYPTO DIPS THEN RECOVERS, PUMPFUN PLANS TOKEN SALE, TARIFF HEADLINES RETURN","Crypto dips on tariff letters, then recovers. ETH outperforms, altcoins weak after PumpFun news. PumpFun plans $600m token sale, $4b valuation. Trump admin to publish crypto report on July 22. US government deposits $218k ETH to Coinbase. Robinhood speaking to US on tokenised shares. Truth Social files for Blue Chip crypto ETF. US drops appeal in Tornado Cash lawsuit. Strategy to raise $4.2b equity to buy BTC. Semler Scientific buys $20m BTC. Bit Digital pivots to ETH treasury, stock pumps. Tokenized assets on ETH hit $5b. Metaplanet to use BTC as collateral for M&A. XRP CEO to testify before senate on legislation. SEC asks firms to amend SOL ETF applications. HK crypto stocks soar on stablecoin momentum. BBVA opens BTC, ETH trading for Spanish retail. El Salvador bought $800k BTC last week",https://decrypt.co/videos/interviews/fklwKOPc/crypto-dips-then-recovers-pumpfun-plans-token-sale-tariff-headlines-return,parse_error,0,parse_error
2025-07-07,Decrypt,"BTC ATH WEEKLY, AMERICA PARTY LAUNCHES, LETSBONK FLIPS PUMPFUN","BTC highest weekly close ever. DOGE leads top 10, BTC dominance falls to 65%. Whale moves $4.35b BTC out of $8.7b holding. Public firms bought 131k BTC in Q2. Metaplanet buys $241m more BTC. BlackRock now holds $4.4b ETH. Fickel moves $204m ETH to Coinbase. Short on ETH futures nears ATH. UAE denies reports of golden visa to TON stakers. GCR history as a trader called in to question. Elon’s America party to embrace BTC. Vitalik proposes 16.77m gas cap. Robinhood launches 213 tokenised stocks. Japan’s Minna Bank launches stablecoin pilot. Russia’s Rostec to issue stablecoin",https://decrypt.co/videos/interviews/KpLxTqvV/btc-ath-weekly-america-party-launches-letsbonk-flips-pumpfun,Slightly Negative,0.65,"While the article mentions BTC's highest weekly close ever and other positive events, it also includes news about a whale moving $4.35b BTC out of their holding, which could be seen as bearish."
2025-07-03,Decrypt,"BTC TOUCHES $110K, ETH LEADS MAJORS, OPENAI REFUTES TOKENISED STOCK","BTC nears ATH, touches $110k. ETH leads broad crypto rally in altcoins. Committed to advancing tokenisation: SEC Chair. Institutions buying, big whales selling BTC. Addentax Group to buy $1.2b BTC. Bit Digital raises $163m to buy ETH. DFDV raises $112.5m to buy SOL. ETH ETFs could do $10b H2 inflows: Bitwise. Top banks will buy ETH for stablecoin ops: Lee. OpenAI tokens ‘not equity’, OpenAI isn’t involved. Your equity is fake: Elon to OpenAI. Rex-Osprey SOL+Staking ETF goes live. BounceBit to launch tokenised stocks in Q4. Ripple seeks US banking license. Blackrock IBIT making more fees than S&P 500 fund. Thiel launches digital bank for crypto. Belgium’s KBC Bank to launch crypto trading",https://decrypt.co/videos/interviews/fIulgzY5/btc-touches-110k-eth-leads-majors-openai-refutes-tokenised-stock,Extremely Positive,0.96,"The article highlights several positive developments, including BTC nearing its ATH, institutions buying, and various ETFs and staking initiatives."
2025-07-01,Decrypt,"MACRO, CRYPTO UNICORNS, ROBINHOOD & NYC TAKEAWAYS","XRP, DOGE lead majors with positive funding rates. BTC & ETH ETFs extend inflows streak. RexShares SOL staking ETF to go live Wednesday. SEC delays staking for Bitwise ETH ETF. Robinhood intros staking, tokenised stocks, L2 chain. Robinhood stock hits ATH on announcements. Raydium, XStocks launch tokenised stocks trading. Jupiter allows swap of SOL memecoins to stocks. ByBit, Backed collab for tokenised stocks, ETF. Centrifuge to launch tokenised S&P 500 index. Lummis calls for end to unfair taxes on crypto. Stablecoin bill could be finalised by mid-July. Connecticut bans creation of state BTC reserve. Strategy buys $532m BTC. Bitmine to turn into Strategy of ETH, stock up 7x. Circle applies for National Trust Bank license in US. Baer now Head of Product at X, also SOL advisor. Katana launches L2 after $200m deposits.",https://decrypt.co/videos/interviews/uK36sQMB/macro-crypto-unicorns-robinhood-nyc-takeaways,parse_error,0,parse_error
2025-07-01,Decrypt,"BTC RECORD MONTHLY CLOSE, TOKENISED STOCK TRADING BLOOMS, STAKING ETFS COMING","XRP, DOGE lead majors with positive funding rates. BTC & ETH ETFs extend inflows streak. RexShares SOL staking ETF to go live Wednesday. SEC delays staking for Bitwise ETH ETF. Robinhood intros staking, tokenised stocks, L2 chain. Robinhood stock hits ATH on announcements. Raydium, XStocks launch tokenised stocks trading. Jupiter allows swap of SOL memecoins to stocks. ByBit, Backed collab for tokenised stocks, ETF. Centrifuge to launch tokenised S&P 500 index. Lummis calls for end to unfair taxes on crypto. Stablecoin bill could be finalised by mid-July. Connecticut bans creation of state BTC reserve. Strategy buys $532m BTC. Bitmine to turn into Strategy of ETH, stock up 7x. Circle applies for National Trust Bank license in US. Baer now Head of Product at X, also SOL advisor. Katana launches L2 after $200m deposits.",https://decrypt.co/videos/interviews/ouIWXcRV/btc-record-monthly-close-tokenised-stock-trading-blooms-staking-etfs-coming,Extremely Positive,0.94,"The article highlights several positive developments, including record monthly closes for BTC, the growth of tokenised stock trading, and various staking ETFs coming online."
2025-06-30,Decrypt,"BTC STEADY, ROBINHOOD CRYPTO ANNOUNCEMENT TODAY, S&P 500 ATH","BTC steady ahead of jobs data, trade deal news. Robinhood to make crypto announcement today. ARB leads altcoins on Robinhood rumours. BTC is great, it takes pressure off USD: Trump. Should have up to 40% allocation to crypto: Edelman. Metaplanet buys $108m BTC. Vanadi Coffee plans to buy $1bn BTC. Canada’s BTC Treasury Corp buys $31.5m BTC. M-3 Brigade to raise $1bn to buy BTC, ETH, SOL. XRP, SEC agree to drop all legal battles. BTC & crypto taxes may be part of Trump tax bill. Strategy faces lawsuit on $6bn unrealised losses. Wintermute gets BTC backed line from Cantor. Crossmint collabs with Visa on AI agents. KraneShares files for Coinbase 50 Index ETF. Anchorage to phase out USDC on safety issues. Gemini, Dinari to launch tokenized stocks in EU. Bhutan to collab with Binance Pay. Bank of Korea suspends CBDC temporarily. Kazakhstan to set up crypto reserve",https://decrypt.co/videos/interviews/0oiOOgPI/btc-steady-robinhood-crypto-announcement-today-sp-500-ath,slightly positive,0.8,"The article mentions several bullish developments, including Bitcoin's stability, potential tax breaks, and institutional investment announcements, which outweigh any neutral or negative news."
2025-06-25,Decrypt,Kraken Embed is a 'One-Stop Shop' for TradFi Crypto Integrations,"Decrypt is joined by Brett McLain, Head of Payments and Blockchain Business Unit at Kraken, to discuss why liquidity matters more to traders than trading volume, and how its new Kraken Embed service for fintechs reflects the evolving role of centralized exchanges in the crypto ecosystem.",https://decrypt.co/videos/interviews/iLTFesTy/kraken-embed-is-a-one-stop-shop-for-tradfi-crypto-integrations,neutral,0.9,"The article provides a neutral overview of the Kraken Embed service, discussing its features and benefits without expressing a clear opinion or emotion."
2019-06-18,Cointelegraph,Twitter User Claims TradingView Has Ignored a Fibonacci Retracement Bug for 5 Years,Popular chart analysis service TradingView contains a bug in the Fibonacci retracement technical analysis tool.,https://cointelegraph.com/news/twitter-user-claims-tradingview-has-ignored-a-fibonacci-retracement-bug-for-5-years?utm_source=rss_feed&utm_medium=rss&utm_campaign=rss_partner_inbound,extremely negative,0.95,"The article reports on a critical bug in TradingView's Fibonacci retracement tool, which has gone unaddressed for five years, suggesting poor quality control and potential harm to users."
2025-07-17,Cointelegraph,US prosecutors expect to close case against Roman Storm by July 25,The fourth day of the Tornado Cash developer’s criminal trial in New York kicked off with witnesses from the FBI.,https://cointelegraph.com/news/roman-storm-trial-prosecution-july?utm_source=rss_feed&utm_medium=rss&utm_campaign=rss_partner_inbound,neutral,0.8,The article presents a factual account of the trial progress without expressing any strong emotions or opinions.
2025-07-17,Cointelegraph,Wall Street piles into Ethereum as stablecoins are greenlit and RWAs expand,"Ethereum’s role in stablecoins, RWAs, and DeFi is fueling institutional interest, positioning ETH as a reserve asset, store of value, and digital oil.",https://cointelegraph.com/news/wall-street-piles-in-to-ethereum-as-stablecoins-are-greenlit-and-rwas-expand?utm_source=rss_feed&utm_medium=rss&utm_campaign=rss_partner_inbound,slightly positive,0.6,"The language used suggests that Ethereum's growing importance in stablecoins and DeFi is having a positive impact, but it does not use extremely enthusiastic or optimistic tone."
2025-07-17,Decrypt,Ethereum ETFs Set Daily Record With $726 Million in Investments as ETH Soars,The nine spot Ethereum ETFs generated more than $726 million in investments on Wednesday as ETH's price rose to its highest level in months.,https://decrypt.co/330566/ethereum-etfs-daily-record-726-million-investments-eth-soars,extremely positive,0.9,"The article reports record-breaking investments in Ethereum ETFs and a surge in ETH's price, using language that conveys excitement and optimism about the asset's prospects."
2025-07-17,Cointelegraph,Trump’s court pick would bring crypto baggage to the bench,The president’s pick to sit on an appellate court covering Silicon Valley has represented several blockchain entities in courts.,https://cointelegraph.com/news/trump-court-pick-eric-tung-crypto?utm_source=rss_feed&utm_medium=rss&utm_campaign=rss_partner_inbound,Slightly negative,0.6,"The article highlights potential conflicts of interest with Trump's court pick, implying that their involvement in crypto cases could be a problem."
2025-07-17,Cointelegraph,US to investigate Brazil’s digital payment system,"As Brazil’s Pix system expands and BRICS eyes a reserve currency, Trump responds with a 50% tariff and a sweeping trade investigation.",https://cointelegraph.com/news/u-s-investigates-brazil-s-digital-trade-practices-amid-pix-dominance?utm_source=rss_feed&utm_medium=rss&utm_campaign=rss_partner_inbound,Extremely negative,0.9,"The US is imposing a 50% tariff and launching a trade investigation on Brazil's digital payment system, indicating a strong negative sentiment towards Brazilian economic policies."
2025-07-17,Decrypt,E-Bike Maker’s Shares Soar 135% on $500 Million Bitcoin Treasury Plan,"Electric vehicle maker Volcon announced that it would purchase about $470 million in Bitcoin, adding to the list of corporate BTC treasuries.",https://decrypt.co/330683/e-bike-maker-shares-soar-135-percent-500-million-bitcoin-treasury-plan,Extremely positive,0.95,"Volcon's $470 million Bitcoin purchase has caused its shares to soar 135%, clearly demonstrating the company's enthusiasm for cryptocurrency investments."
2025-07-17,Decrypt,XRP and Ethereum Are Pumping: Is Solana Next? Here’s What the Charts Say,"XRP soared to new all-time highs today, with Ethereum showing impressive weekly gains. Technical indicators suggest Solana may not be far behind.",https://decrypt.co/330725/xrp-ethereum-price-pumping-solana-next-analysis,Slightly positive,0.7,"The article discusses a potential rally in Solana, but only after mentioning XRP and Ethereum's recent gains, implying that the author is cautiously optimistic about Solana's prospects."
2025-07-17,Cointelegraph,Canary Capital bets on Injective with staked ETF filing,"The move follows SEC guidance treating staking rewards as income, enabling asset managers like Canary to back blockchain-based tokens through delegated staking.",https://cointelegraph.com/news/canary-capital-injective-staked-etf?utm_source=rss_feed&utm_medium=rss&utm_campaign=rss_partner_inbound,Neutral,0.8,"The article reports on Canary Capital's decision to back Injective through delegated staking, without expressing a clear opinion on the matter or its implications."
2025-07-17,Cointelegraph,300% DOGE price rally expected if this key price level is reclaimed,"DOGE gained 18% this week, and multiple data points suggest a 300% rally is possible before the end of 2025.",https://cointelegraph.com/news/300percent-doge-price-rally-expected-if-this-key-price-level-is-reclaimed?utm_source=rss_feed&utm_medium=rss&utm_campaign=rss_partner_inbound,Slightly positive,0.65,"While the article mentions a potential 300% rally in DOGE price, it is framed as an expectation based on technical indicators rather than a statement of certainty, leaving some room for doubt."
2025-07-18,Cointelegraph,Ether rockets 47% in a month as hedge fund says ‘rapid reversal’ unlikely,"The “hard data” signals that Ether is not due for a correction anytime soon, according to Felix Xu, a partner at crypto hedge fund ZX Squared Capital.",https://cointelegraph.com/news/ether-price-correction-unlikely-macro-catalysts-hedge-fund-forecast?utm_source=rss_feed&utm_medium=rss&utm_campaign=rss_partner_inbound,extremely positive,0.9,"The article reports a significant price increase of Ether, and an expert's opinion that a correction is unlikely, indicating a highly favorable market sentiment."
2025-07-18,Cointelegraph,Trump eyes executive order to open up retirement funds to crypto: FT,"White House spokesman Kush Desai told Cointelegraph that “No decisions should be deemed official,” unless it comes directly from President Trump himself.",https://cointelegraph.com/news/donald-trump-executive-order-401k-crypto-investments?utm_source=rss_feed&utm_medium=rss&utm_campaign=rss_partner_inbound,slightly negative,0.8,"Although the article mentions a potential development in crypto adoption through an executive order, it also includes a caveat from the White House spokesman, downplaying its significance and implying uncertainty or skepticism about the proposal's prospects."
2025-07-19,Cointelegraph,Bitcoin’s first Batman? Peter McCormack plans to buy his own police force,"Bitcoiner Peter McCormack says the police ""have failed"" the town of Bedford and insists he can do a better job by deploying his own security team.",https://cointelegraph.com/news/bitcoin-s-first-batman-peter-mccormack-plans-to-buy-his-own-police-force?utm_source=rss_feed&utm_medium=rss&utm_campaign=rss_partner_inbound,Slightly positive,0.7,"The tone of the article is lighthearted and humorous, highlighting Peter McCormack's eccentricity and entrepreneurial spirit."
2025-07-18,Decrypt,'I Want to Cry': Dave Portnoy Says He Fumbled an XRP Bag Worth Millions,"The Barstool Sports founder shared his XRP misplay amid this week’s record surge, years after admitting that he “fucked up Bitcoin.”",https://decrypt.co/330821/dave-portnoy-fumbled-xrp-bag-worth-millions,Extremely negative,0.9,Dave Portnoy's admission to losing a significant amount of money on XRP is a clear expression of frustration and disappointment.
2025-07-18,Cointelegraph,Why FTX ruling on China payouts matters: Global precedent at stake,"A US bankruptcy court is set to decide whether to block creditor payouts to certain countries after receiving nearly 70 objections from creditors in China, Saudi Arabia and more.",https://cointelegraph.com/news/ftx-ruling-china-payouts-ftx-creditors-risk-losing-claims-in-restricted-countries-ruling?utm_source=rss_feed&utm_medium=rss&utm_campaign=rss_partner_inbound,Neutral,0.8,"The article presents a factual report on the US bankruptcy court's decision, without taking a clear stance or expressing an opinion."
2025-07-18,Cointelegraph,Former rugby player sentenced for $900K crypto mining Ponzi,"Former rugby player Shane Donovan Moore was sentenced to 2.5 years in US federal prison for running a $900,000 crypto mining Ponzi scheme.",https://cointelegraph.com/news/rugby-shane-moore-gets-2-5-years-for-crypto-mining-ponzi?utm_source=rss_feed&utm_medium=rss&utm_campaign=rss_partner_inbound,Extremely negative,0.9,"The article reports on a former rugby player being sentenced for running a crypto mining Ponzi scheme, which is a serious and negative crime."
2025-07-18,Decrypt,Tether's CEO Says USDT Is Coming to America—And Circle’s CEO Isn’t Afraid,Leaders of the world’s top two stablecoin companies laid out their plans for the future after President Trump signed sweeping stablecoin legislation into law.,https://decrypt.co/330930/tether-ceo-usdt-coming-america-circle-ceo-isnt-afraid,Slightly positive,0.7,"The tone of the article is optimistic and forward-looking, highlighting the potential growth of stablecoins in the US market."
2025-07-18,Decrypt,"Public Keys: Coinbase and MSTR Break Records, and Who's Holding Strategy's Bitcoin Billions?","Strategy's $70 billion Bitcoin custodian list remains secret as it and Coinbase set records, all while new crypto treasuries take root.",https://decrypt.co/330888/public-keys-coinbase-mstr-break-records-whos-holding-strategy-bitcoin-billions,Neutral,0.8,"The article presents data and statistics on Coinbase's and MSTR's records, without expressing a clear opinion or emotion."
2025-07-18,Decrypt,"XRP Leaves Dogecoin Chasing Its Tail, Ethereum in the Ether: Analysis",The price of XRP has hit a new all-time high after seven years. Can Ethereum and Dogecoin catch up? Here's what the charts say.,https://decrypt.co/330898/xrp-dogecoin-ethereum-price-analysis,Slightly positive,0.7,"The article presents an analysis of the price movements of XRP, Ethereum, and Dogecoin, which has a slightly optimistic tone due to the focus on XRP's performance."
2025-07-18,Decrypt,"Bitcoin Dominance Sinks as Ethereum, XRP Rise","The original digital asset accounted for 61% of the cryptocurrency market’s value on Friday, falling from 65.5% last week.",https://decrypt.co/330896/bitcoin-dominance-sinks-as-ethereum-xrp-rise,Neutral,0.8,"The article reports on the change in Bitcoin's market dominance, without taking a clear stance or expressing an opinion."
2025-07-18,Decrypt,"Trump Signs GENIUS Act Into Law, Ushering In Crypto’s Integration With US Economy","President Trump signed the stablecoin bill at a flashy ceremony attended by industry leaders, just a day after the legislation was passed by Congress.",https://decrypt.co/330836/trump-signs-genius-act-into-law-ushering-crypto-integration-us-economy,Extremely positive,0.9,"The tone of the article is celebratory and upbeat, highlighting President Trump's signing of the stablecoin bill as a major milestone for the crypto industry."
2025-07-18,Decrypt,Schwab Wants to Offer Stablecoin Amid Expanding Crypto Services Push: CEO,Charles Schwab's CEO said that the U.S.-based brokerage is considering offering a dollar-pegged token as the stablecoin market is poised to grow.,https://decrypt.co/330848/schwab-offer-stablecoin-expanding-crypto-services-push-ceo,Slightly positive,0.7,"Charles Schwab's CEO's statement on considering offering a stablecoin is seen as a positive development for the crypto market, but the article maintains a neutral tone."
2025-07-18,Decrypt,"Ethereum Is Pumping, But Solana Will Still Outperform: 21Shares","Solana is becoming a blue-chip altcoin, and no amount of momentum for Ethereum can change that, according to 21Shares’ research head Adrian Fritz.",https://decrypt.co/330844/ethereum-pumping-solana-outperform-21shares,extremely positive,0.9,The article highlights Solana's potential to outperform Ethereum and become a blue-chip altcoin.
2025-07-18,Decrypt,Coinbase Doesn't Custody All of Strategy's Bitcoin—So Who Does?,"Strategy's $72B Bitcoin stash is spread across multiple secret custodians, with only Coinbase confirmed and Fidelity potentially holding 70,000 BTC.",https://decrypt.co/330556/coinbase-custody-strategy-bitcoin-who-does,slightly negative,0.6,"The article reveals that Coinbase doesn't custody all of Strategy's Bitcoin, which could be seen as a lack of trust in Coinbase."
2025-07-18,Decrypt,"CRYPTO MARKET CAP TOPS $4T, XRP HITS ATH, ETH TREASURIES HEAT-UP","XRP hits ATH, ETH nears $4k. BlackRock files to add staking to ETH ETF. Crypto market cap hits $4T for the first time. Trump to sign EO allowing crypto in 401k. Trump backs crypto tax exemptions: WH. Sharplink buys $115m ETH, to raise $6b to buy more. Whale moves $4.8b BTC more to Galaxy Digital. Adam Back launches BTC SPV with 30k BTC. Coinbase stock hits ATH, +60% m/m. Bit Origin to raise $500m to buy DOGE. Thumzup Media to buy $250m crypto. GameSquare to buy $70m ETH. Stablecoin market cap hits $260b. Tether minted $3b USDT in less than a day. Atkins wants to incentivize tokenisation. Backpack launches FTX claims sales channel. Russia’s Sberbank to offer crypto custody services. Leshner’s takeover of LQR falls through",https://decrypt.co/videos/interviews/DcqEJpDC/crypto-market-cap-tops-4t-xrp-hits-ath-eth-treasuries-heat-up,extremely positive,0.95,"The article reports on numerous positive developments in the crypto market, including record highs for XRP and ETH, institutional inflows, and new partnerships."
2025-07-18,Cointelegraph,"Franchise-led SOL treasury expansion launches with Kraken, Pantera support","DeFi Development, a Nasdaq-listed Solana treasury company, has launched the DFDV Treasury Accelerator to expand globally via a franchise model, partnering with Kraken and top crypto VCs.",https://cointelegraph.com/news/defi-development-solana-treasury-accelerator-kraken-pantera?utm_source=rss_feed&utm_medium=rss&utm_campaign=rss_partner_inbound,slightly positive,0.7,"The article announces a partnership between Solana treasury company DeFi Development and Kraken, which could be seen as a vote of confidence in the project."
2025-07-18,Cointelegraph,Hacker reconnaissance work continues on TeleMessage app vulnerability — Report,"As of Wednesday, at least eleven IP addresses have actively tried to exploit the vulnerability, with thousands more addresses possibly doing reconnaissance work.",https://cointelegraph.com/news/hacker-reconnaissance-work-telemessage-vulnerability-report?utm_source=rss_feed&utm_medium=rss&utm_campaign=rss_partner_inbound,extremely negative,0.8,"The article reports on hacking attempts and vulnerabilities in a messaging app, which could lead to potential losses for users."
2025-07-18,Decrypt,What Is Pump.fun? The Solana Meme Coin Factory,"Pump.fun allows anyone to create Solana tokens in a minute for completely free, spawning some of the biggest memes of 2024.",https://decrypt.co/resources/what-is-pump-fun-the-solana-meme-coin-factory,slightly positive,0.5,"The article highlights the creation of Solana tokens via Pump.fun, but the context is somewhat neutral or even humorous."
2025-07-18,Decrypt,NCA Officer Who Stole Bitcoin From Crime Network Jailed for Five and a Half Years,Paul Chowles' theft was nearly written off until a search back in 2022 uncovered private keys linking him to the stolen funds.,https://decrypt.co/330789/nca-officer-who-stole-bitcoin-from-crime-network-jailed-for-five-and-a-half-years,extremely negative,0.9,"The article reports on a former NCA officer being jailed for stealing Bitcoin, which reflects poorly on law enforcement and security in the crypto space."
2025-07-18,Decrypt,"‘Early Signals’ of Altcoin Season as OG Tokens Pump Following XRP, BTC All-time Highs","XRP set an all-time high on Thursday as old-school cryptocurrencies Ethereum Classic, Litecoin, and Bitcoin Cash also saw notable gains.",https://decrypt.co/330785/early-signals-of-altcoin-season-as-og-tokens-pump-following-xrp-btc-all-time-highs,slightly positive,0.6,"The article discusses altcoins gaining value, but the tone is somewhat neutral or even ambiguous."
2025-07-18,Decrypt,'Short-Term Contraction' Expected as Hungary Adds Crypto Trading to Criminal Code,"Hungary’s newly updated laws on cryptocurrency trading could have a negative impact on the domestic crypto market, according to the Blockchain Hungary Association. Kornél Kalocsai, the association’s president, was largely welcoming of the updated criminal code while speaking with Decrypt. The new regulations impose penalties for the operation and use of unlicensed cryptocurrency exchanges. These […]",https://decrypt.co/330784/contraction-expected-hungary-crypto-trading-criminal-code,extremely negative,0.85,The article reports on Hungary's new regulations imposing penalties for unlicensed exchanges and potential impact on the domestic market.
2025-07-18,Decrypt,"Crypto Market Cap Tops $4 Trillion as Bitcoin, Ethereum Drive Institutional Inflows","The crypto rally showed no sign of fading after the U.S. House vote, suggesting short-term momentum will be sustained, experts told Decrypt.",https://decrypt.co/330769/crypto-market-cap-tops-4-trillion-as-bitcoin-ethereum-drive-institutional-inflows,extremely positive,0.95,"The article reports on the crypto market cap surpassing $4 trillion, driven by institutional inflows and record highs for Bitcoin and Ethereum."
2025-07-18,Decrypt,"Bitcoin Back Above $120K as Clear Crypto Policy ‘Invites’ Capital, Institutions","Bitcoin has slowed following a profit-taking dip, but investor conviction is rising as U.S. lawmakers advance new crypto legislation.",https://decrypt.co/330766/bitcoin-back-above-120k-as-clear-crypto-policy-invites-capital-institutions,Slightly positive,0.7,"The article mentions that Bitcoin has risen above $120K due to investor conviction, indicating a positive trend."
2025-07-18,Decrypt,Ex-Rugby Player Sentenced For $900K Crypto Mining Ponzi Scheme,"Shane Moore targeted fellow rugby players with promises of 1% daily returns, then spent their money on luxury apartments and designer goods.",https://decrypt.co/330764/ex-rugby-player-sentenced-crypto-mining-ponzi-scheme,Extremely negative,0.9,"The article describes a crypto mining Ponzi scheme and the harm it caused to investors, indicating a strongly negative sentiment."
2025-07-18,Decrypt,"‘Blood Rushing Back’ Into Crypto as XRP, Dogecoin Soar","A wave of U.S. crypto policies and an influx of institutional capital are driving up crypto prices, including those of XRP and Dogecoin.",https://decrypt.co/330761/blood-rushing-back-into-crypto-as-xrp-dogecoin-soar,Slightly positive,0.6,"The article suggests that a wave of U.S. crypto policies and institutional capital is driving up crypto prices, implying a positive trend."
2025-07-18,Decrypt,Kraken Opens US Futures Trading as Congress Advances Landmark Crypto Bills,"Kraken’s development lands as Congress advances the GENIUS and CLARITY Acts, signaling a turning point in U.S. crypto policy.",https://decrypt.co/330754/kraken-us-futures-trading-congress-landmark-crypto-bills,Extremely positive,0.95,"The article highlights the advancement of pro-crypto legislation in the U.S., which is seen as a turning point for the industry, indicating an extremely positive sentiment."
2025-07-18,Cointelegraph,UK elections: How crypto donation risks are dividing MPs,UK lawmakers are taking sides over the issue of cryptocurrencies as parliamentarians look to update campaign donation laws.,https://cointelegraph.com/news/uk-elections-crypto-donation-risks-reform-farage?utm_source=rss_feed&utm_medium=rss&utm_campaign=rss_partner_inbound,Neutral,0.5,"The article presents a neutral viewpoint on the issue of crypto donation risks and the divide among UK lawmakers, without expressing a clear opinion."
2025-07-18,Decrypt,"Labour Call to Ban Crypto Political Donations an ‘Attack’, Says Crypto UK","Nigel Farage’s Reform UK party started accepting crypto donations last month, now a Labour MP is arguing it should be banned.",https://decrypt.co/330810/labour-mps-ban-crypto-political-donations-attack-reform-uk,Slightly negative,0.4,"The article suggests that a Labour MP's proposal to ban crypto donations is seen as an ""attack"" by Crypto UK, indicating a slightly negative sentiment towards regulation."
2025-07-18,Cointelegraph,"Stellar’s XLM has &#039;most bullish chart&#039; in crypto, mirroring XRP price","During their bull runs, XLM and XRP often move in sync, with a high correlation coefficient typically topping 0.70. Will history repeat for Stellar?",https://cointelegraph.com/news/stellar-xlm-most-bullish-chart-in-crypto-mirroring-xrp-price?utm_source=rss_feed&utm_medium=rss&utm_campaign=rss_partner_inbound,Neutral,0.3,"The article presents a neutral viewpoint on the potential price movement of Stellar's XLM, without expressing a clear opinion or bias."
2025-07-18,Cointelegraph,XLM could follow XRP’s monster rally and hit $1 soon: Fact or fiction?,"XLM is gaining momentum with an 87% weekly rally, strong buyers’ interest and bullish technicals pointing toward a breakout past its all-time highs in 2025.",https://cointelegraph.com/news/xlm-could-follow-xrp-s-monster-rally-and-hit-dollar1-soon-fact-or-fiction?utm_source=rss_feed&utm_medium=rss&utm_campaign=rss_partner_inbound,Slightly positive,0.5,"The article suggests that XLM could follow XRP's rally and hit $1 soon, indicating a slightly positive sentiment towards the asset."
2025-07-18,Cointelegraph,"Bitcoin whale’s $9.6B transfer, GENIUS Act spark correction concerns",An OG Bitcoin whale’s $9.6 billion transfer and the stablecoin audit requirements imposed by the GENIUS Act are sparking correction concerns among some industry watchers.,https://cointelegraph.com/news/bitcoin-whale-9-6b-genius-act-correction-concerns?utm_source=rss_feed&utm_medium=rss&utm_campaign=rss_partner_inbound,Neutral,0.4,"The article presents a neutral viewpoint on correction concerns sparked by the Bitcoin whale's transfer and the GENIUS Act, without expressing a clear opinion or bias."
2025-07-18,Cointelegraph,Here’s what happened in crypto today,"Need to know what happened in crypto today? Here is the latest news on daily trends and events impacting Bitcoin price, blockchain, DeFi, NFTs, Web3 and crypto regulation.",https://cointelegraph.com/news/what-happened-in-crypto-today?utm_source=rss_feed&utm_medium=rss&utm_campaign=rss_partner_inbound,Neutral,0.6,"The article is a summary of daily news and trends, presenting a neutral viewpoint on various events and topics in the crypto space."
2025-07-18,Cointelegraph,The rise of ETFs challenges Bitcoin’s self-custody roots,"The growing popularity of Bitcoin ETFs and treasury companies is reshaping how investors hold Bitcoin — raising questions about the core principle of ""not your keys, not your coins.""",https://cointelegraph.com/news/etfs-challenges-bitcoin-self-custody-roots?utm_source=rss_feed&utm_medium=rss&utm_campaign=rss_partner_inbound,Slightly negative,0.7,The article suggests that the rise of ETFs is challenging one of Bitcoin's core principles.
2025-07-18,Cointelegraph,GENIUS&#039; ban on stablecoin yield will drive demand for Ethereum DeFi — Analysts,"The lack of yield-bearing options for US-regulated stablecoins under the GENIUS bill will drive investors to search for interest elsewhere, analysts said.",https://cointelegraph.com/news/genius-ban-stablecoin-yield-ethereum-defi-analysts?utm_source=rss_feed&utm_medium=rss&utm_campaign=rss_partner_inbound,Extremely positive,0.9,The analysts' view that the lack of yield-bearing options for stablecoins will drive demand for Ethereum DeFi is a strongly optimistic forecast.
2025-07-18,Cointelegraph,"Lawsuits piling up against Strategy could take years, go nowhere, lawyer says","At least seven law firms have filed complaints against Strategy, alleging securities fraud. Two crypto lawyers had different takes on the situation.",https://cointelegraph.com/news/lawsuits-strategy-michael-saylor-bitcoin-lawyer?utm_source=rss_feed&utm_medium=rss&utm_campaign=rss_partner_inbound,Neutral,0.5,"The article presents different views from two crypto lawyers on the lawsuits against Strategy, neither of which implies a clear positive or negative sentiment."
2025-07-18,Cointelegraph,"Bitcoin’s lower support retests shift traders’ focus to XLM, LTC, ETC, BNB","Bitcoin testing underlying support, and the potential start of an altcoin season have traders focusing on XLM, LTC, ETC and BNB.",https://cointelegraph.com/news/bitcoin-s-lower-support-retests-shift-traders-focus-to-xlm-ltc-etc-bnb?utm_source=rss_feed&utm_medium=rss&utm_campaign=rss_partner_inbound,Slightly positive,0.6,"The focus on XLM, LTC, ETC, and BNB indicates a potential shift in market attention towards these altcoins, which could be seen as mildly optimistic."
2025-07-18,Cointelegraph,Crypto Biz: Wall Street giants bet on stablecoins,"JPMorgan, Citigroup and Bank of America are all in the early stages of stablecoin development.",https://cointelegraph.com/news/crypto-biz-wall-street-giants-stablecoins?utm_source=rss_feed&utm_medium=rss&utm_campaign=rss_partner_inbound,parse_error,0,parse_error
2025-07-18,Cointelegraph,Crypto execs center stage as Trump signs stablecoin bill into law,"Several C-suite executives from cryptocurrency companies attended the Friday event, some of whom directly contributed to Trump’s 2024 campaign.",https://cointelegraph.com/news/donald-trump-stablecoin-law-signed?utm_source=rss_feed&utm_medium=rss&utm_campaign=rss_partner_inbound,Neutral,0.4,The attendance of C-suite executives at the event where Trump signed the stablecoin bill into law does not necessarily imply a clear sentiment on the bill itself.
2025-07-18,Cointelegraph,Senate to consider Trump&#039;s CFTC pick as crypto oversight hangs in the balance,"The Senate Agriculture Committee will hear from prospective CFTC chair Brian Quintenz, who could be the sole commissioner at the US regulator by the end of 2025.",https://cointelegraph.com/news/brian-quintenz-donald-trump-cftc-pick-market-structure?utm_source=rss_feed&utm_medium=rss&utm_campaign=rss_partner_inbound,Slightly negative,0.8,"The article mentions that crypto oversight hangs in the balance, which implies a slightly negative tone."
2025-07-18,Cointelegraph,"El Salvador hasn’t bought Bitcoin since signing loan deal, IMF says",The IMF report directly contradicts regular posts from El Salvador’s Bitcoin Office that the country is purchasing one BTC per day.,https://cointelegraph.com/news/el-salvador-hasn-t-bought-bitcoin-deal-imf?utm_source=rss_feed&utm_medium=rss&utm_campaign=rss_partner_inbound,Neutral,0.6,The contradiction between El Salvador's claims and the IMF report is presented as a factual matter rather than an evaluative statement.
2025-07-18,Cointelegraph,How to use Google Gemini to turn crypto news into trade signals,"Google Gemini could help traders break down the news, track sentiment and turn headlines into actionable crypto trading strategies.",https://cointelegraph.com/news/how-to-use-google-gemini-to-turn-crypto-news-into-trade-signals?utm_source=rss_feed&utm_medium=rss&utm_campaign=rss_partner_inbound,Extremely positive,0.9,"The article suggests that Google Gemini can be used to turn crypto news into trade signals, implying a highly optimistic view of its potential for traders."
2025-07-18,Cointelegraph,Bitcoin’s rise with Wall Street comes at a potential philosophical cost,"Institutional capital brings Bitcoin stability and status, but also systemic risk, regulatory pressure, and a creeping erosion of its core ethos.",https://cointelegraph.com/news/bitcoin-s-rise-with-wall-street-comes-at-a-potential-philosophical-cost?utm_source=rss_feed&utm_medium=rss&utm_campaign=rss_partner_inbound,Slightly negative,0.7,"The article raises concerns about the philosophical cost of Bitcoin's rise with Wall Street, suggesting a slightly negative sentiment."
2025-07-18,Cointelegraph,"Bitcoin becomes 5th global asset ahead of “Crypto Week,” flips Amazon: Finance Redefined","Bitcoin adoption has been soaring, leading up to the optimistic regulatory expectations related to “Crypto Week” in Washington.",https://cointelegraph.com/news/bitcoin-5th-global-asset-crypto-week-amazon-finance-redefined?utm_source=rss_feed&utm_medium=rss&utm_campaign=rss_partner_inbound,Extremely positive,0.9,"The article states that Bitcoin has become the 5th global asset ahead of ""Crypto Week,"" implying significant growth and adoption."
2025-07-18,Cointelegraph,Crypto execs to attend US stablecoin bill signing after Thursday vote,"Representatives from Circle, Ripple, Chainlink, Multicoin Capital and Anchorage Digital confirmed they would be at the White House to mark the passing of the GENIUS Act.",https://cointelegraph.com/news/stablecoin-genius-act-donald-trump-signing?utm_source=rss_feed&utm_medium=rss&utm_campaign=rss_partner_inbound,Slightly positive,0.8,"The article mentions that representatives from top crypto companies will attend a bill signing, indicating a positive development for the industry."
2025-07-18,Cointelegraph,$5 trillion altcoin season pending as TOTAL2 market cap hits $1.5T,"Capital rotation from Bitcoin hints at an accelerating altseason with liquidity, stablecoin inflows and market structure all aligning for a major breakout.",https://cointelegraph.com/news/dollar5-trillion-altcoin-season-pending-as-total2-market-cap-hits-dollar1-5t?utm_source=rss_feed&utm_medium=rss&utm_campaign=rss_partner_inbound,Extremely positive,0.95,"The article suggests an ""altseason"" is pending, implying a significant and potentially explosive growth in alternative cryptocurrencies."
2025-07-18,Cointelegraph,Metaplanet vs. Semler Scientific: The race to become Bitcoin’s biggest corporate whale,"Metaplanet and Semler Scientific are turning corporate balance sheets into Bitcoin battlegrounds, each racing to outstack the other in 2025.",https://cointelegraph.com/explained/metaplanet-vs-semler-scientific-the-race-to-become-bitcoins-biggest-corporate-whale?utm_source=rss_feed&utm_medium=rss&utm_campaign=rss_partner_inbound,Slightly negative,0.7,"While the article highlights a growing interest in Bitcoin among corporations, it also frames this as a ""battleground,"" suggesting competition and potential tension."
2025-07-18,Cointelegraph,US SEC Chair Atkins: Education is key for crypto in retirement accounts,"SEC Chair Paul Atkins signaled openness to including cryptocurrencies in 401(k) retirement plans, stressing the importance of investor education.",https://cointelegraph.com/news/sec-chairman-education-401k-crypto-adoption?utm_source=rss_feed&utm_medium=rss&utm_campaign=rss_partner_inbound,Extremely positive,0.92,"The SEC Chair's comments on including cryptocurrencies in retirement accounts are seen as a significant step forward for the industry, implying increased legitimacy."
2025-07-18,Cointelegraph,CZ is right: There is a structural gap in Web3 trading,"Web3’s current trading infrastructure fails to offer institutional participants privacy, scale and sophistication. It lags behind market maturity, leaving institutional and large-scale traders underserved.",https://cointelegraph.com/news/gap-web3-trading?utm_source=rss_feed&utm_medium=rss&utm_campaign=rss_partner_inbound,Neutral,0.8,"While the article raises concerns about Web3 trading infrastructure, it does not express a clear opinion or emotion, simply presenting an analysis of the issue."
2025-07-18,Cointelegraph,How Jack Dorsey’s new app lets you chat without the internet and why it matters,"Unlike traditional messaging apps that rely on internet infrastructure, Bitchat operates on direct device-to-device communication.",https://cointelegraph.com/explained/how-jack-dorseys-new-app-lets-you-chat-without-the-internet-and-why-it-matters?utm_source=rss_feed&utm_medium=rss&utm_campaign=rss_partner_inbound,parse_error,0,parse_error
2025-07-18,Cointelegraph,5 countries where crypto is (surprisingly) tax-free in 2025,"Looking to live tax-free with crypto in 2025? These five countries, including the Cayman Islands, UAE and Germany, still offer legal, zero-tax treatment for cryptocurrencies.",https://cointelegraph.com/news/countries-where-crypto-is-tax-free?utm_source=rss_feed&utm_medium=rss&utm_campaign=rss_partner_inbound,Slightly positive,0.9,"The article highlights countries with favorable tax policies for cryptocurrencies, implying a positive trend for the industry."
2025-07-18,Cointelegraph,Can ADA price reach $3? Cardano greenlit for 216% rally,ADA price catches a bid as multiple bullish signals emerge and bull flag targets $2.70.,https://cointelegraph.com/news/ada-to-2-70-cardano-greenlit-for-further-upside-after-surprise-75-price-rally?utm_source=rss_feed&utm_medium=rss&utm_campaign=rss_partner_inbound,Extremely positive,0.98,"The article presents technical analysis indicating a significant price increase for Cardano (ADA), using bullish language to describe its prospects."
2025-07-18,Cointelegraph,SEC Chair Atkins considers innovation exemption to boost tokenization,"Crypto industry hails GENIUS Act as a win, while Senator Elizabeth Warren criticizes it for consumer protection gaps.",https://cointelegraph.com/news/sec-tokenization-exemption-genius-act-passes?utm_source=rss_feed&utm_medium=rss&utm_campaign=rss_partner_inbound,Slightly negative,0.85,"While some in the crypto industry see the GENIUS Act as a win, others criticize it for gaps in consumer protection, implying mixed reactions and potential concerns."
2025-07-19,Cointelegraph,"XLM&#039;s price to rocket like XRP, Trump’s big crypto nod: Hodler’s Digest, July 13 – 19","Stellar may be setting up more upside after XRP's recent price surge, US President Donald Trump signed one of the first bills related to crypto, and other news.",https://cointelegraph.com/news/stellar-xlm-xrp-rally-donald-trump-crypto-sign-bill-hodlers-digest?utm_source=rss_feed&utm_medium=rss&utm_campaign=rss_partner_inbound,Extremely Positive,0.9,"The article mentions a potential price surge in XLM, a nod from President Trump, and positive news overall."
2025-07-19,Cointelegraph,"Charles Schwab plans to launch Bitcoin, Ether spot trading, CEO says","Charles Schwab plans to offer spot trading for Bitcoin and Ethereum, aiming to attract clients who want to consolidate crypto holdings with their traditional assets.",https://cointelegraph.com/news/charles-schwab-launches-bitcoin-ether-spot-trading?utm_source=rss_feed&utm_medium=rss&utm_campaign=rss_partner_inbound,Slightly Positive,0.7,Charles Schwab's plans to offer spot trading for Bitcoin and Ethereum are generally seen as a positive development for the crypto space.
2025-07-19,Cointelegraph,Here’s what happened in crypto today,"Need to know what happened in crypto today? Here is the latest news on daily trends and events impacting Bitcoin price, blockchain, DeFi, NFTs, Web3 and crypto regulation.",https://cointelegraph.com/news/what-happened-in-crypto-today?utm_source=rss_feed&utm_medium=rss&utm_campaign=rss_partner_inbound,Neutral,0.5,"This article is a summary of current events in the crypto space, without expressing any particular opinion or sentiment."
2025-07-19,Decrypt,Bitcoin Minimum Fee Rate Slashed by 90%—Is That a Good Thing?,The fee rate to get a Bitcoin transaction processed just got cut substantially as miners struggle to fill blockspace.,https://decrypt.co/330474/bitcoin-fee-rate-slashed-90-is-that-good-thing,Slightly Negative,0.6,"While the reduction in Bitcoin transaction fees might be seen as positive for users, the article's title and tone suggest that it could be a mixed bag, potentially leading to decreased revenue for miners."
2025-07-19,Decrypt,California Sheriffs Believe 74-Year-Old's Disappearance Linked to Son's Crypto Fortune,"A man's disappearance in California is being investigated as a possible crypto-related kidnapping, following a spate of ""wrench attacks.""",https://decrypt.co/330828/california-sheriffs-believe-74-year-olds-disappearance-linked-sons-crypto-fortune,Extremely Negative,0.9,"The article reports on a potential kidnapping related to cryptocurrency, which has a negative impact on public perception of crypto and raises concerns about its safety."
2025-07-19,Decrypt,Ethereum Treasury SharpLink Shares Plunge 20% Amid $6 Billion Plan to Buy More ETH,The company is one of several Ethereum treasuries to add sizable amounts to their holdings over the past two weeks.,https://decrypt.co/330818/ethereum-treasury-sharplink-shares-plunge-20-amid-6-billion-plan-buy-eth,Slightly Negative,0.7,"The plunge in SharpLink Shares could be seen as negative for the company and potentially for Ethereum's price, although it's not entirely clear what this means for the broader market."
2025-07-19,Decrypt,"Bitcoin Price Poised to Rally to $150K by October, Says Cooper Research","Bitcoin could trade as high as $150,000 by October if inflows to spot Bitcoin ETFs remain strong this summer, Cooper Research projects.",https://decrypt.co/330928/bitcoin-poised-rally-150k-october-cooper-research,Extremely Positive,0.9,Cooper Research's prediction of a $150K Bitcoin price by October is highly optimistic and suggests a strong positive sentiment towards Bitcoin.
2025-07-19,Cointelegraph,"Bitcoin ‘pausing here for air’ likely, but another July ATH still possible",Galaxy Digital’s Michael Harvey says the most optimistic scenario for Bitcoin is a “continued slow melt-up” through the end of July.,https://cointelegraph.com/news/bitcoin-price-consolidation-phase-possible-july-highs-forecast-trader?utm_source=rss_feed&utm_medium=rss&utm_campaign=rss_partner_inbound,Neutral,0.5,"Michael Harvey's comments are neutral, suggesting that the market could potentially rally or pause for air, but not expressing a clear opinion on either scenario."
2025-07-19,Cointelegraph,"Jack Dorsey’s Block to join S&amp;P 500, stock surges 9% after-hours",Block’s inclusion in the S&P 500 comes just two months after crypto exchange Coinbase made history as the first cryptocurrency firm to join the index.,https://cointelegraph.com/news/block-inc-jack-dorsey-s-and-p-500-us-stocks-surge?utm_source=rss_feed&utm_medium=rss&utm_campaign=rss_partner_inbound,Extremely Positive,0.9,"Jack Dorsey's Block joining the S&P 500 is seen as a major positive development for the crypto space, indicating increased mainstream acceptance and adoption."
2025-07-19,Cointelegraph,How to use Google Gemini to turn crypto news into trade signals,"Google Gemini could help traders break down the news, track sentiment and turn headlines into actionable crypto trading strategies.",https://cointelegraph.com/news/how-to-use-google-gemini-to-turn-crypto-news-into-trade-signals?utm_source=rss_feed&utm_medium=rss&utm_campaign=rss_partner_inbound,Neutral,0.5,"This article is more instructional than opinion-based, providing a neutral summary of how to use Google Gemini to analyze news and create trading strategies."
2025-07-19,Cointelegraph,"Crypto exchange Bullish files for US IPO, targets NYSE listing as “BLSH”","Cayman Islands-based Bullish has filed for IPO registration with the SEC, aiming to list on NYSE as “BLSH.”",https://cointelegraph.com/news/crypto-exchange-bullish-files-for-us-ipo-targets-nyse-listing-as-blsh?utm_source=rss_feed&utm_medium=rss&utm_campaign=rss_partner_inbound,slightly positive,0.7,"The article reports on Bullish's IPO filing and NYSE listing plans, which suggests growth and expansion in the crypto space."
2025-07-19,Cointelegraph,Ether preps record short squeeze as analysis sees $4K ETH price &#039;soon&#039;,"Ether is punishing shorts already, but another 10% ETH price upside will liquidate $1 billion, helping cement $4,000 in the process.",https://cointelegraph.com/news/ether-preps-record-short-squeeze-analysis-4k-eth-price-soon?utm_source=rss_feed&utm_medium=rss&utm_campaign=rss_partner_inbound,extremely positive,0.9,"The article predicts a significant short squeeze and potential price increase to $4,000, indicating a highly optimistic outlook for Ether's future performance."
2025-07-19,Cointelegraph,"They trusted a sealed wallet from TikTok, and it cost them $6.9M",A fake hardware wallet bought via TikTok led to a $6.9-million crypto theft; hackers are now targeting devices meant to keep funds safe.,https://cointelegraph.com/explained/they-trusted-a-sealed-wallet-from-tiktok-and-it-cost-them-69m?utm_source=rss_feed&utm_medium=rss&utm_campaign=rss_partner_inbound,extremely negative,0.8,"The article reports on a scam that resulted in a $6.9-million crypto theft via a fake hardware wallet purchased on TikTok, highlighting a significant security risk and concern for investors."
2025-07-19,Cointelegraph,‘Crypto Week’ ushers in big change: What happens now?,"Crypto Week in the US ends with some victories for the crypto lobby, with the GENIUS Act headed to Trump’s desk.",https://cointelegraph.com/news/crypto-week-what-happens-now?utm_source=rss_feed&utm_medium=rss&utm_campaign=rss_partner_inbound,slightly positive,0.6,"The article mentions some victories for the crypto lobby during ""Crypto Week"", but the text is neutral and doesn't convey strong emotions or confidence in the outcome."
2025-07-19,Cointelegraph,"Spot Bitcoin ETFs gains $363M, extend 12-day inflow streak to $6.6B","Spot Bitcoin ETFs have attracted over $6.6 billion in 12 days, boosting assets under management to $152.4 billion.",https://cointelegraph.com/news/spot-bitcoin-etfs-363m-inflow-12-day-streak?utm_source=rss_feed&utm_medium=rss&utm_campaign=rss_partner_inbound,extremely positive,0.8,"The article reports on significant inflows into spot Bitcoin ETFs, with $6.6 billion attracted over 12 days, indicating strong investor interest and growth in this sector."
2025-07-19,Cointelegraph,Can XRP price reach $20? These charts say ‘full bull’ phase is still ahead,Multiple chart technicals and indicators suggest that XRP price has the potential to stage a parabolic rally over the next few weeks.,https://cointelegraph.com/news/can-xrp-price-reach-dollar20-these-charts-full-bull-phase-still-ahead?utm_source=rss_feed&utm_medium=rss&utm_campaign=rss_partner_inbound,extremely positive,0.9,"The article suggests that XRP price has the potential for a parabolic rally over the next few weeks based on technical analysis and indicators, implying a very optimistic outlook for XRP's future performance."
2025-07-19,Cointelegraph,Crypto rules for mortgages must reflect self-custody reality,"The FHFA directive on crypto in mortgage risk assessments risks excluding self-custodied assets, potentially increasing counterparty risk for homebuyers.",https://cointelegraph.com/news/fhfa-homebuyers-risk?utm_source=rss_feed&utm_medium=rss&utm_campaign=rss_partner_inbound,neutral,0.5,"The article raises concerns about the FHFA directive on crypto in mortgage risk assessments but doesn't convey strong emotions or opinions, resulting in a neutral sentiment assessment."
2025-07-19,Cointelegraph,"Indian crypto exchange CoinDCX hacked, $44 million drained","The cybersecurity exploit occurred due to a ""sophisticated server breach,"" CoinDCX CEO and co-founder Sumit Gupta announced on Saturday.",https://cointelegraph.com/news/crypto-exchange-coindcx-hacked-42-million-drained?utm_source=rss_feed&utm_medium=rss&utm_campaign=rss_partner_inbound,extremely negative,0.9,"The article reports on a major hack of Indian crypto exchange CoinDCX, resulting in $44 million being drained, highlighting significant security risks and concerns for investors."
2025-07-19,Cointelegraph,Macro drivers will dampen Bitcoin’s halving cycle — Tim Draper,The decline of the US dollar and the loss of purchasing power due to fiat currency inflation will drive global demand for Bitcoin.,https://cointelegraph.com/news/macro-factors-dampen-bitcoin-halving-tim-draper?utm_source=rss_feed&utm_medium=rss&utm_campaign=rss_partner_inbound,slightly positive,0.7,"Tim Draper's statement suggests that the decline of the US dollar and inflation will drive demand for Bitcoin, indicating a moderate degree of optimism about Bitcoin's future prospects."
2025-07-19,Cointelegraph,"US Lawmaker sounds alarm on GENIUS bill, says it&#039;s a CBDC Trojan Horse","The line between a central bank digital currency and a centrally-managed, government-regulated stablecoin is thin, critics argue.",https://cointelegraph.com/news/us-lawmaker-alarm-genius-bill-cbdc-trojan-horse?utm_source=rss_feed&utm_medium=rss&utm_campaign=rss_partner_inbound,extremely negative,0.8,"The article reports on criticisms of the GENIUS bill, with some lawmakers warning it may be a ""CBDC Trojan Horse"", implying significant concerns and potential risks associated with this legislation."
